Name,Found In,Action
Danny Abbadi,Cleaner_Fight_Results,Research
David Abbott,Cleaner_Fight_Results,Research
Papy Abedi,Cleaner_Fight_Results,Research
Ricardo Abreu,Cleaner_Fight_Results,Research
Scott Adams,Cleaner_Fight_Results,Research
Sam Adkins,Cleaner_Fight_Results,Research
Nick Agallar,Cleaner_Fight_Results,Research
Marcelo Aguiar,Cleaner_Fight_Results,Research
Razak Al-Hassan,Cleaner_Fight_Results,Research
Wes Albritton,Cleaner_Fight_Results,Research
Alfonso Alcarez,Cleaner_Fight_Results,Research
Gilbert Aldana,Cleaner_Fight_Results,Research
Royce Alger,Cleaner_Fight_Results,Research
George Allen,Cleaner_Fight_Results,Research
Ericka Almeida,Cleaner_Fight_Results,Research
Sean Alvarez,Cleaner_Fight_Results,Research
Amilcar Alves,Cleaner_Fight_Results,Research
Matt Andersen,Cleaner_Fight_Results,Research
Andy Anderson,Cleaner_Fight_Results,Research
Lowell Anderson,Cleaner_Fight_Results,Research
Alex Andrade,Cleaner_Fight_Results,Research
Jermaine Andre,Cleaner_Fight_Results,Research
Reese Andy,Cleaner_Fight_Results,Research
Yoji Anjo,Cleaner_Fight_Results,Research
Azunna Anyanwu,Cleaner_Fight_Results,Research
Romie Aram,Cleaner_Fight_Results,Research
Cesar Arzamendia,Cleaner_Fight_Results,Research
Khusein Askhabov,Cleaner_Fight_Results,Research
Ibo Aslan,Cleaner_Fight_Results,Research
Pat Audinwood,Cleaner_Fight_Results,Research
Chris Avila,Cleaner_Fight_Results,Research
Niklas Backstrom,Cleaner_Fight_Results,Research
Izabela Badurek,Cleaner_Fight_Results,Research
Mehdi Baghdad,Cleaner_Fight_Results,Research
Scott Baker,Cleaner_Fight_Results,Research
Marcin Bandel,Cleaner_Fight_Results,Research
David Baron,Cleaner_Fight_Results,Research
Dan Barrera,Cleaner_Fight_Results,Research
Carlos Barreto,Cleaner_Fight_Results,Research
Alexandre Barros,Cleaner_Fight_Results,Research
Dean Barry,Cleaner_Fight_Results,Research
Stephen Bass,Cleaner_Fight_Results,Research
Shayna Baszler,Cleaner_Fight_Results,Research
Michel Batista,Cleaner_Fight_Results,Research
Dave Beneteau,Cleaner_Fight_Results,Research
Steve Berger,Cleaner_Fight_Results,Research
Keith Berish,Cleaner_Fight_Results,Research
Dave Berry,Cleaner_Fight_Results,Research
Dieusel Berto,Cleaner_Fight_Results,Research
Allen Berube,Cleaner_Fight_Results,Research
Scott Bessac,Cleaner_Fight_Results,Research
Amaury Bitetti,Cleaner_Fight_Results,Research
Jason Black,Cleaner_Fight_Results,Research
Tom Blackledge,Cleaner_Fight_Results,Research
Byron Bloodworth,Cleaner_Fight_Results,Research
Dan Bobish,Cleaner_Fight_Results,Research
Jerry Bohlander,Cleaner_Fight_Results,Research
Jesse Bongfeldt,Cleaner_Fight_Results,Research
Marcus Bossett,Cleaner_Fight_Results,Research
Tai Bowden,Cleaner_Fight_Results,Research
Melton Bowen,Cleaner_Fight_Results,Research
Paul Bradley,Cleaner_Fight_Results,Research
Ebenezer Fontes Braga,Cleaner_Fight_Results,Research
Joe Brammer,Cleaner_Fight_Results,Research
Chris Brennan,Cleaner_Fight_Results,Research
Aaron Brink,Cleaner_Fight_Results,Research
Todd Brown,Cleaner_Fight_Results,Research
Humberto Brown Morrison,Cleaner_Fight_Results,Research
Junie Browning,Cleaner_Fight_Results,Research
Jules Bruchez,Cleaner_Fight_Results,Research
Steve Bruno,Cleaner_Fight_Results,Research
Fernando Bruno,Cleaner_Fight_Results,Research
Josh Bryant,Cleaner_Fight_Results,Research
Mikey Burnett,Cleaner_Fight_Results,Research
Nah-Shon Burrell,Cleaner_Fight_Results,Research
Bubba Bush,Cleaner_Fight_Results,Research
Murilo Bustamante,Cleaner_Fight_Results,Research
Todd Butler,Cleaner_Fight_Results,Research
Steve Byrnes,Cleaner_Fight_Results,Research
John Campetella,Cleaner_Fight_Results,Research
Wagner Campos,Cleaner_Fight_Results,Research
Asbel Cancio,Cleaner_Fight_Results,Research
Frank Caracci,Cleaner_Fight_Results,Research
Rafael Carino,Cleaner_Fight_Results,Research
Cain Carrizosa,Cleaner_Fight_Results,Research
Shonie Carter,Cleaner_Fight_Results,Research
Dwayne Cason,Cleaner_Fight_Results,Research
Gil Castillo,Cleaner_Fight_Results,Research
Luke Caudillo,Cleaner_Fight_Results,Research
Adam Cella,Cleaner_Fight_Results,Research
Ansar Chalangov,Cleaner_Fight_Results,Research
Donnie Chappell,Cleaner_Fight_Results,Research
Joe Charles,Cleaner_Fight_Results,Research
Albert Cheng,Cleaner_Fight_Results,Research
Sako Chivitchian,Cleaner_Fight_Results,Research
Will Chope,Cleaner_Fight_Results,Research
Dan Christison,Cleaner_Fight_Results,Research
Anthony Christodoulou,Cleaner_Fight_Results,Research
Mike Ciesnolevicz,Cleaner_Fight_Results,Research
Laverne Clark,Cleaner_Fight_Results,Research
Logan Clark,Cleaner_Fight_Results,Research
Josh Clopton,Cleaner_Fight_Results,Research
Brian Cobb,Cleaner_Fight_Results,Research
John Cofer,Cleaner_Fight_Results,Research
Christian Colombo,Cleaner_Fight_Results,Research
Wes Combs,Cleaner_Fight_Results,Research
Chris Condo,Cleaner_Fight_Results,Research
Bob Cook,Cleaner_Fight_Results,Research
Kit Cope,Cleaner_Fight_Results,Research
Josh Copeland,Cleaner_Fight_Results,Research
Wesley Correira,Cleaner_Fight_Results,Research
JC Cottrell,Cleaner_Fight_Results,Research
Jeff Cox,Cleaner_Fight_Results,Research
Dan Cramer,Cleaner_Fight_Results,Research
Alberto Crane,Cleaner_Fight_Results,Research
Paul Creighton,Cleaner_Fight_Results,Research
Richard Crunkilton,Cleaner_Fight_Results,Research
Marcio Cruz,Cleaner_Fight_Results,Research
Jay Cucciniello,Cleaner_Fight_Results,Research
Larry Cureton,Cleaner_Fight_Results,Research
Cindy Dandois,Cleaner_Fight_Results,Research
Alexandre Dantas,Cleaner_Fight_Results,Research
Sean Daugherty,Cleaner_Fight_Results,Research
Rick Davis,Cleaner_Fight_Results,Research
Mike Davis,Cleaner_Fight_Results,Research
Rodrigo de Lima,Cleaner_Fight_Results,Research
Edilberto de Oliveira,Cleaner_Fight_Results,Research
Jorge de Oliveira,Cleaner_Fight_Results,Research
Tom DeBlass,Cleaner_Fight_Results,Research
Shane del Rosario,Cleaner_Fight_Results,Research
Jason DeLucia,Cleaner_Fight_Results,Research
Nick Denis,Cleaner_Fight_Results,Research
Edwin DeWees,Cleaner_Fight_Results,Research
Eldo Xavier Dias,Cleaner_Fight_Results,Research
David Dodd,Cleaner_Fight_Results,Research
Cameron Dollar,Cleaner_Fight_Results,Research
Houston Dorr,Cleaner_Fight_Results,Research
Antonio Dos Santos,Cleaner_Fight_Results,Research
John Dowdy,Cleaner_Fight_Results,Research
Derek Downey,Cleaner_Fight_Results,Research
Robert Drysdale,Cleaner_Fight_Results,Research
Hugo Duarte,Cleaner_Fight_Results,Research
Milana Dudieva,Cleaner_Fight_Results,Research
Alexis Dufresne,Cleaner_Fight_Results,Research
Kelly Dullanty,Cleaner_Fight_Results,Research
Luiz Dutra,Cleaner_Fight_Results,Research
Ben Earwood,Cleaner_Fight_Results,Research
Cody East,Cleaner_Fight_Results,Research
Abdul-Kerim Edilov,Cleaner_Fight_Results,Research
Tom Egan,Cleaner_Fight_Results,Research
Justin Eilers,Cleaner_Fight_Results,Research
Jon Olav Einemo,Cleaner_Fight_Results,Research
Per Eklund,Cleaner_Fight_Results,Research
Lisa Ellis,Cleaner_Fight_Results,Research
Anna Elmose,Cleaner_Fight_Results,Research
Ian Entwistle,Cleaner_Fight_Results,Research
Konstantin Erokhin,Cleaner_Fight_Results,Research
Fred Ettish,Cleaner_Fight_Results,Research
Doug Evans,Cleaner_Fight_Results,Research
Dan Evensen,Cleaner_Fight_Results,Research
Edward Faaloloto,Cleaner_Fight_Results,Research
Ron Faircloth,Cleaner_Fight_Results,Research
Jason Fairn,Cleaner_Fight_Results,Research
Rinat Fakhretdinov,Cleaner_Fight_Results,Research
Maiquel Falcao,Cleaner_Fight_Results,Research
Brodie Farber,Cleaner_Fight_Results,Research
Kalindra Faria,Cleaner_Fight_Results,Research
Kelly Faszholz,Cleaner_Fight_Results,Research
Josh Ferguson,Cleaner_Fight_Results,Research
CJ Fernandes,Cleaner_Fight_Results,Research
Alexandre Ferreira,Cleaner_Fight_Results,Research
Scott Ferrozzo,Cleaner_Fight_Results,Research
Scott Fiedler,Cleaner_Fight_Results,Research
Colin Fletcher,Cleaner_Fight_Results,Research
Xavier Foupa-Pokam,Cleaner_Fight_Results,Research
Zane Frazier,Cleaner_Fight_Results,Research
Ian Freeman,Cleaner_Fight_Results,Research
Willamy Freire,Cleaner_Fight_Results,Research
Don Frye,Cleaner_Fight_Results,Research
Tony Fryklund,Cleaner_Fight_Results,Research
Katsuhisa Fujii,Cleaner_Fight_Results,Research
Travis Fulton,Cleaner_Fight_Results,Research
Sam Fulton,Cleaner_Fight_Results,Research
Sheila Gaff,Cleaner_Fight_Results,Research
Dave Galera,Cleaner_Fight_Results,Research
Tom Gallicchio,Cleaner_Fight_Results,Research
Joey Gambino,Cleaner_Fight_Results,Research
Sean Gannon,Cleaner_Fight_Results,Research
Azamat Gashimov,Cleaner_Fight_Results,Research
Brian Gassaway,Cleaner_Fight_Results,Research
Paul Georgieff,Cleaner_Fight_Results,Research
Brian Geraghty,Cleaner_Fight_Results,Research
Darrel Gholar,Cleaner_Fight_Results,Research
Tiki Ghosn,Cleaner_Fight_Results,Research
James Giboo,Cleaner_Fight_Results,Research
Lance Gibson,Cleaner_Fight_Results,Research
Joseph Gigliotti,Cleaner_Fight_Results,Research
Joey Gilbert,Cleaner_Fight_Results,Research
Jason Gilliam,Cleaner_Fight_Results,Research
Bob Gilstrap,Cleaner_Fight_Results,Research
He-Man Gipson,Cleaner_Fight_Results,Research
Jason Godsey,Cleaner_Fight_Results,Research
Allan Goes,Cleaner_Fight_Results,Research
Ulysses Gomez,Cleaner_Fight_Results,Research
Lewis Gonzalez,Cleaner_Fight_Results,Research
Pearl Gonzalez,Cleaner_Fight_Results,Research
Gary Goodridge,Cleaner_Fight_Results,Research
Tim Gorman,Cleaner_Fight_Results,Research
Chase Gormley,Cleaner_Fight_Results,Research
Royce Gracie,Cleaner_Fight_Results,Research
Renzo Gracie,Cleaner_Fight_Results,Research
Rolles Gracie,Cleaner_Fight_Results,Research
Steven Graham,Cleaner_Fight_Results,Research
Neil Grove,Cleaner_Fight_Results,Research
Nandor Guelmino,Cleaner_Fight_Results,Research
Leonardo Guimaraes,Cleaner_Fight_Results,Research
Brad Gumm,Cleaner_Fight_Results,Research
Fabio Gurgel,Cleaner_Fight_Results,Research
Andre Gusmao,Cleaner_Fight_Results,Research
Horacio Gutierrez,Cleaner_Fight_Results,Research
Keith Hackney,Cleaner_Fight_Results,Research
Mark Hall,Cleaner_Fight_Results,Research
Tony Halme,Cleaner_Fight_Results,Research
John Halverson,Cleaner_Fight_Results,Research
Frank Hamaker,Cleaner_Fight_Results,Research
James Hammortree,Cleaner_Fight_Results,Research
Gerry Harris,Cleaner_Fight_Results,Research
Collin Hart,Cleaner_Fight_Results,Research
Chris Haseman,Cleaner_Fight_Results,Research
Hayder Hassan,Cleaner_Fight_Results,Research
Tommy Hayden,Cleaner_Fight_Results,Research
Josh Haynes,Cleaner_Fight_Results,Research
Chris Heatherly,Cleaner_Fight_Results,Research
Delson Heleno,Cleaner_Fight_Results,Research
Josh Hendricks,Cleaner_Fight_Results,Research
Cory Hendricks,Cleaner_Fight_Results,Research
Noe Hernandez,Cleaner_Fight_Results,Research
Ramiro Hernandez,Cleaner_Fight_Results,Research
Paul Herrera,Cleaner_Fight_Results,Research
Jon Hess,Cleaner_Fight_Results,Research
Richie Hightower,Cleaner_Fight_Results,Research
Branden Lee Hinkle,Cleaner_Fight_Results,Research
Kwan Ho Kwak,Cleaner_Fight_Results,Research
Bobby Hoffman,Cleaner_Fight_Results,Research
Sam Hoger,Cleaner_Fight_Results,Research
Chris Holdsworth,Cleaner_Fight_Results,Research
Roger Hollett,Cleaner_Fight_Results,Research
Rex Holman,Cleaner_Fight_Results,Research
Mark Holst,Cleaner_Fight_Results,Research
Satoshi Honma,Cleaner_Fight_Results,Research
David Hood,Cleaner_Fight_Results,Research
Moti Horenstein,Cleaner_Fight_Results,Research
Jamey-Lyn Horth,Cleaner_Fight_Results,Research
Matt Horwich,Cleaner_Fight_Results,Research
Saeed Hosseini,Cleaner_Fight_Results,Research
Brian Houston,Cleaner_Fight_Results,Research
Harold Howard,Cleaner_Fight_Results,Research
Shane Howell,Cleaner_Fight_Results,Research
Mark Hughes,Cleaner_Fight_Results,Research
Alex Hunter,Cleaner_Fight_Results,Research
Solomon Hutcherson,Cleaner_Fight_Results,Research
Minoki Ichihara,Cleaner_Fight_Results,Research
Valeri Ignatov,Cleaner_Fight_Results,Research
Fabiano Iha,Cleaner_Fight_Results,Research
Brad Imes,Cleaner_Fight_Results,Research
Chris Indich,Cleaner_Fight_Results,Research
Guto Inocente,Cleaner_Fight_Results,Research
Enson Inoue,Cleaner_Fight_Results,Research
Wallid Ismail,Cleaner_Fight_Results,Research
Yoislandy Izquierdo,Cleaner_Fight_Results,Research
Kevin Jackson,Cleaner_Fight_Results,Research
Eugene Jackson,Cleaner_Fight_Results,Research
Jeremy Jackson,Cleaner_Fight_Results,Research
Mike Jackson,Cleaner_Fight_Results,Research
Justin James,Cleaner_Fight_Results,Research
Brock Jardine,Cleaner_Fight_Results,Research
Trent Jenkins,Cleaner_Fight_Results,Research
Steve Jennum,Cleaner_Fight_Results,Research
Chan-Mi Jeon,Cleaner_Fight_Results,Research
Maciej Jewtuszko,Cleaner_Fight_Results,Research
Ronald Jhun,Cleaner_Fight_Results,Research
Phil Johns,Cleaner_Fight_Results,Research
Dashon Johnson,Cleaner_Fight_Results,Research
Brian Johnston,Cleaner_Fight_Results,Research
Paul Jones,Cleaner_Fight_Results,Research
Marcus Jones,Cleaner_Fight_Results,Research
Justin Jones,Cleaner_Fight_Results,Research
Kevin Jordan,Cleaner_Fight_Results,Research
Joe Jordan,Cleaner_Fight_Results,Research
Jeff Joslin,Cleaner_Fight_Results,Research
Steve Judson,Cleaner_Fight_Results,Research
Scott Junk,Cleaner_Fight_Results,Research
Emily Kagan,Cleaner_Fight_Results,Research
Sirwan Kakai,Cleaner_Fight_Results,Research
Geza Kalman,Cleaner_Fight_Results,Research
David Kaplan,Cleaner_Fight_Results,Research
Yusuke Kasuya,Cleaner_Fight_Results,Research
Julie Kedzie,Cleaner_Fight_Results,Research
CJ Keith,Cleaner_Fight_Results,Research
Steve Kennedy,Cleaner_Fight_Results,Research
Mark Kerr,Cleaner_Fight_Results,Research
Sanae Kikuta,Cleaner_Fight_Results,Research
Mike King,Cleaner_Fight_Results,Research
Koji Kitao,Cleaner_Fight_Results,Research
Brad Kohler,Cleaner_Fight_Results,Research
Tsuyoshi Kohsaka,Cleaner_Fight_Results,Research
John Kolosci,Cleaner_Fight_Results,Research
Yuki Kondo,Cleaner_Fight_Results,Research
Pascal Krauss,Cleaner_Fight_Results,Research
Keigo Kunihara,Cleaner_Fight_Results,Research
Leo Kuntz,Cleaner_Fight_Results,Research
Tina Lahdemaki,Cleaner_Fight_Results,Research
Tim Lajcik,Cleaner_Fight_Results,Research
Austen Lane,Cleaner_Fight_Results,Research
Anthony Lapsley,Cleaner_Fight_Results,Research
Icho Larenas,Cleaner_Fight_Results,Research
Sione Latu,Cleaner_Fight_Results,Research
Dan Lauzon,Cleaner_Fight_Results,Research
James Lee,Cleaner_Fight_Results,Research
David Lee,Cleaner_Fight_Results,Research
Jackie Lee,Cleaner_Fight_Results,Research
Rocky Lee,Cleaner_Fight_Results,Research
Christophe Leninger,Cleaner_Fight_Results,Research
Alberta Cerra Leon,Cleaner_Fight_Results,Research
Kimo Leopoldo,Cleaner_Fight_Results,Research
Frank Lester,Cleaner_Fight_Results,Research
Justin Levens,Cleaner_Fight_Results,Research
David Levicki,Cleaner_Fight_Results,Research
John Lewis,Cleaner_Fight_Results,Research
Jess Liaudin,Cleaner_Fight_Results,Research
Zach Light,Cleaner_Fight_Results,Research
Chris Liguori,Cleaner_Fight_Results,Research
Jake Lindsey,Cleaner_Fight_Results,Research
Lucio Linhares,Cleaner_Fight_Results,Research
Abner Lloveras,Cleaner_Fight_Results,Research
John Lober,Cleaner_Fight_Results,Research
Dileno Lopes,Cleaner_Fight_Results,Research
Steve Lopez,Cleaner_Fight_Results,Research
Jorge Lopez,Cleaner_Fight_Results,Research
Nate Loughran,Cleaner_Fight_Results,Research
Ian Loveland,Cleaner_Fight_Results,Research
Waylon Lowe,Cleaner_Fight_Results,Research
Robert Lucarelli,Cleaner_Fight_Results,Research
Matt Lucas,Cleaner_Fight_Results,Research
Mike Lullo,Cleaner_Fight_Results,Research
Thaddeus Luster,Cleaner_Fight_Results,Research
Stevie Lynch,Cleaner_Fight_Results,Research
Tom Aaron,None,Delete
Hiroyuki Abe,None,Delete
Daniel Acacio,None,Delete
Fabio Aguiar,None,Delete
Edwin Aguilar,None,Delete
Mike Aina,None,Delete
Hitomi Akano,None,Delete
Javi Alanis,None,Delete
Brett Albee,None,Delete
Israel Albuquerque,None,Delete
Juan Alcain,None,Delete
Kenneth Alexander,None,Delete
Olaf Alfonso,None,Delete
Pablo Alfonso,None,Delete
Levi Alford,None,Delete
Amir Aliakbari,None,Delete
Magno Almeida,None,Delete
Estefani Almeida,None,Delete
Mauricio Alonso,None,Delete
Rico Altamirano,None,Delete
Mike Altman,None,Delete
Anthony Alves,None,Delete
Andre Amado,None,Delete
Maiara Amanajas dos Santos,None,Delete
Chris Amarante,None,Delete
Jimmy Ambriz,None,Delete
JJ Ambrose,None,Delete
Bertrand Amoussou,None,Delete
Karl Amoussou,None,Delete
Derek Anderson,None,Delete
Julius Anglickas,None,Delete
Angelo Antonio,None,Delete
Shinya Aoki,None,Delete
Josh Appelt,None,Delete
Erik Apple,None,Delete
Kenji Arai,None,Delete
Art Arciniega,None,Delete
Tristan Arenal,None,Delete
Joey Armstrong,None,Delete
Ricardo Arona,None,Delete
Chalid Arrab,None,Delete
Gilles Arsene,None,Delete
Veta Arteaga,None,Delete
Arman Ashimov,None,Delete
Bruno Assis,None,Delete
Bazigit Atajev,None,Delete
Jose Augusto,None,Delete
David Avellan,None,Delete
Levi Avera,None,Delete
Anthony Avila,None,Delete
Saad Awad,None,Delete
Javy Ayala,None,Delete
Luiz Azeredo,None,Delete
Luciano Azevedo,None,Delete
Jordan Bailey,None,Delete
Bryan Baker,None,Delete
Jin Bala,None,Delete
Stephen Banaszak,None,Delete
Yohan Banks,None,Delete
Junior Barata,None,Delete
Nick Barnes,None,Delete
Chris Barnhizer,None,Delete
Jose Barreto,None,Delete
David Barrios,None,Delete
Ricardo Barros,None,Delete
Sean Bassett,None,Delete
Ryan Bastianelli,None,Delete
Rudy Bears,None,Delete
Salvador Becerra,None,Delete
Jeff Bedard,None,Delete
Eric Bedard,None,Delete
Lyle Beerbohm,None,Delete
Mike Bencic,None,Delete
Karla Benitez,None,Delete
Charles Bennett,None,Delete
Josh Bennett,None,Delete
Joe Benoit,None,Delete
Pat Benson,None,Delete
Len Bentley,None,Delete
Bret Bergmark,None,Delete
Keith Berry,None,Delete
Edson Berto,None,Delete
Anton Berzin,None,Delete
Fernando Bettega,None,Delete
Jeremiah Billington,None,Delete
Scott Bills,None,Delete
Chris Birchler,None,Delete
Simon Biyong,None,Delete
Jason Blackford,None,Delete
David Blanco,None,Delete
Arlene Blencowe,None,Delete
Dashawn Boatwright,None,Delete
Jeremy Boczulak,None,Delete
Jay Bogan,None,Delete
Derek Bohi,None,Delete
Kotetsu Boku,None,Delete
Kyle Bolt,None,Delete
Luc Bondole,None,Delete
Tony Bonello,None,Delete
Marcos Bonilla,None,Delete
Igor Borisov,None,Delete
Chris Bostick,None,Delete
Francois Botha,None,Delete
Gregory Bouchelaghem,None,Delete
Roy Boughton,None,Delete
Rich Bouphanouvong,None,Delete
Mike Bourke,None,Delete
Jess Bouscal,None,Delete
Blake Bowman,None,Delete
Ashe Bowman,None,Delete
ColleyBradford,None,Delete
Michael Bravo,None,Delete
Robert Breslin,None,Delete
Mack Brewer,None,Delete
Marcelo Brito,None,Delete
Drew Brokenshire,None,Delete
Mike Bronzoulis,None,Delete
Lee Brousseau,None,Delete
Dominic Brown,None,Delete
Terrell Brown,None,Delete
Chris Brown,None,Delete
Frederick Brown,None,Delete
Justin Bruckmann,None,Delete
Dennis Bryant,None,Delete
Zak Bucia,None,Delete
Courtney Buck,None,Delete
Francisco Bueno,None,Delete
Lee Kwan Bum,None,Delete
Josh Bumgarner,None,Delete
Shawn Bunch,None,Delete
Josh Burns,None,Delete
Derrick Burnsed,None,Delete
Martin Buschkamp,None,Delete
George Bush,None,Delete
Nick Bustamante,None,Delete
Eduardo Bustillos,None,Delete
Jason Butcher,None,Delete
Goldman Butler,None,Delete
Ian Butler,None,Delete
Raphael Butler,None,Delete
Michael Byrnes,None,Delete
Alvin Cacdac,None,Delete
Travis Calanoc,None,Delete
Ricky Calatayud,None,Delete
Darrion Caldwell,None,Delete
Taylor Callens,None,Delete
Joe Camacho,None,Delete
Ricky Camp,None,Delete
Mike Campbell,None,Delete
Thomas Campbell,None,Delete
Derek Campos,None,Delete
Ronaldo Candido,None,Delete
Jose Canseco,None,Delete
Cody Canterbury,None,Delete
Bo Cantrell,None,Delete
Paul Capaldo,None,Delete
Gina Carano,None,Delete
Dos Caras Jr.,None,Delete
Remo Cardarelli,None,Delete
Phil Cardella,None,Delete
Edgar Cardenas,None,Delete
Ronald Carillo,None,Delete
Don Carlo-Clauss,None,Delete
Tim Caron,None,Delete
Gabriel Carrasco,None,Delete
Cody Carrillo,None,Delete
Roger Carroll,None,Delete
Jonny Carson,None,Delete
Scott Carson,None,Delete
Bruno Carvalho,None,Delete
Rafael Carvalho,None,Delete
Brandon Cash,None,Delete
Bendy Casimir,None,Delete
Joe Cason,None,Delete
Eric Castile,None,Delete
Raul Castillo,None,Delete
Jenna Castillo,None,Delete
Tim Catalfo,None,Delete
Jared Chaffee,None,Delete
Dan Charles,None,Delete
Emilio Chavez,None,Delete
Gabriel Checco,None,Delete
Ion Cherdivara,None,Delete
Mu Bae Choi,None,Delete
Hong Man Choi,None,Delete
Murad Chunkaiev,None,Delete
Steven Ciaccio,None,Delete
Branko Cikatic,None,Delete
Nikolajus Cilkinas,None,Delete
Johnny Cisneros,None,Delete
Mychal Clark,None,Delete
Dominic Clark,None,Delete
John Clarke,None,Delete
RJ Clifford,None,Delete
Darryl Cobb,None,Delete
Dave Cochran,None,Delete
Dakota Cochrane,None,Delete
Marc Cofer,None,Delete
Chris Coggins,None,Delete
Wayne Cole,None,Delete
Devin Cole,None,Delete
Coltin Cole,None,Delete
Ivan Cole,None,Delete
Cortez Coleman,None,Delete
Marcos Conrado Jr.,None,Delete
Jeremiah Constant,None,Delete
Jonathan Contrestano,None,Delete
Mike Cook,None,Delete
Chad Cook,None,Delete
TJ Cook,None,Delete
Dewey Cooper,None,Delete
Brett Cooper,None,Delete
Bill Cooper,None,Delete
Bobby Cooper,None,Delete
Muhsin Corbbrey,None,Delete
Clint Coronel,None,Delete
Henry Corrales,None,Delete
Chad Corvin,None,Delete
Miguel Cosio,None,Delete
Jadson Costa,None,Delete
Guilherme Costa,None,Delete
JR Coughran,None,Delete
Dave Courchaine,None,Delete
Kim Couture,None,Delete
Nikk Covert,None,Delete
Alexander Crispim,None,Delete
Alex Crispin,None,Delete
Jeff Crotty,None,Delete
Chris Culley,None,Delete
Abel Cullum,None,Delete
Everett Cummings,None,Delete
Hugo Cunha,None,Delete
Pat Curran,None,Delete
Gleidson Cutis,None,Delete
Sarah D'alelio,None,Delete
Marcos da Matta,None,Delete
Henrique Da Silva Lopes,None,Delete
Dave Dalgliesh,None,Delete
Richard Dalton,None,Delete
Marko Damiani,None,Delete
Carina Damm,None,Delete
Raymond Daniels,None,Delete
Marques Daniels,None,Delete
Eduardo Dantas,None,Delete
Brian Davidson,None,Delete
Lemont Davis,None,Delete
Justin Davis,None,Delete
Danny Davis,None,Delete
Angel De Anda,None,Delete
Johil de Oliveira,None,Delete
Crezio de Souza,None,Delete
Issac DeJesus,None,Delete
RafaelDel Real,None,Delete
Humberto DeLeon,None,Delete
Israel Delgado,None,Delete
Ante Delija,None,Delete
Jack Della,None,Delete
Justin DeMoney,None,Delete
Thomas Denny,None,Delete
Robert Densley,None,Delete
Booker DeRousse,None,Delete
Cory Devela,None,Delete
John Devine,None,Delete
Thomas Diagne,None,Delete
Rafael Dias,None,Delete
Michael Diaz,None,Delete
Ryan Diaz,None,Delete
Adrian Diaz,None,Delete
Mark Dickman,None,Delete
Josh Diekmann,None,Delete
Kyle Dietz,None,Delete
Ralph Dillon,None,Delete
Drew Dimanlig,None,Delete
Rodolfo Marques Diniz,None,Delete
Helio Dipp,None,Delete
Rico DiSciullo,None,Delete
John Dixson,None,Delete
Anthony Do,None,Delete
Mike Dolce,None,Delete
Dennis Dombrow,None,Delete
OJ Dominguez,None,Delete
John Donaldson,None,Delete
Geronimo dos Santos,None,Delete
Oleksandr Doskalchuk,None,Delete
David Douglas,None,Delete
Damion Douglas,None,Delete
Jordan Dowdy,None,Delete
John Doyle,None,Delete
Edson Drago,None,Delete
Chris Drumm,None,Delete
Antonio Duarte,None,Delete
Joe Duarte,None,Delete
Adin Duenas,None,Delete
Alex Dunworth,None,Delete
Rilley Dutro,None,Delete
Bill Duvall,None,Delete
Maurice Eazel,None,Delete
Vincent Eazelle,None,Delete
Ross Ebanez,None,Delete
Adli Edwards,None,Delete
John Elam,None,Delete
John Paul Elias,None,Delete
Saul Elizondo,None,Delete
Eddy Ellis,None,Delete
Aaron Ely,None,Delete
Sovannahry Em,None,Delete
Aleksander Emelianenko,None,Delete
Marius Enache,None,Delete
Kevin Engel,None,Delete
Alex Enlund,None,Delete
Kenny Ento,None,Delete
Won Jin Eoh,None,Delete
Josh Epps,None,Delete
Tom Erikson,None,Delete
Nick Ertl,None,Delete
Chel Erwin-Davis,None,Delete
Bobby Escalante,None,Delete
Eric Esch,None,Delete
Pro Escobedo,None,Delete
Evan Esguerra,None,Delete
Scott Ettling,None,Delete
Neal Ewing,None,Delete
Joao Paulo Faria,None,Delete
Chance Farrar,None,Delete
Rodney Faverus,None,Delete
JP Felty,None,Delete
Rhadi Ferguson,None,Delete
Bibiano Fernandes,None,Delete
Ron Fields,None,Delete
Anthony Figueroa,None,Delete
Paulo Filho,None,Delete
Brady Fink,None,Delete
Jesse Finney,None,Delete
Jan Finney,None,Delete
Luiz Firmino,None,Delete
Bryanna Fissori,None,Delete
Isi Fitikefu,None,Delete
Cody Floyd,None,Delete
Bobby Flynn,None,Delete
Mal Foki,None,Delete
Matt Foki,None,Delete
AJ Fonseca,None,Delete
Claudionor Fontinelle,None,Delete
Sterling Ford,None,Delete
Codale Ford,None,Delete
Mason Fowler,None,Delete
Brandon Foxworth,None,Delete
Francisco France,None,Delete
Zoila Frausto,None,Delete
Gary Frazier,None,Delete
Jason Freeman,None,Delete
JeremyFreitag,None,Delete
Rafael Freitas,None,Delete
Donavon Frelow,None,Delete
Clay French,None,Delete
Mike French,None,Delete
Artem Frolov,None,Delete
Jesse Fujarczyk,None,Delete
Megumi Fujii,None,Delete
Kazuyuki Fujita,None,Delete
Keisuke Fujiwara,None,Delete
Masakatsu Funaki,None,Delete
Katsuaki Furuki,None,Delete
James Gabert,None,Delete
Gustavo Gabriel,None,Delete
Alavutdin Gadjiev,None,Delete
Brandon Gaines,None,Delete
Travis Galbraith,None,Delete
Zelg Galesic,None,Delete
Daniel Gallemore,None,Delete
Turrell Galloway,None,Delete
Eric Galvan,None,Delete
Andre Galvao,None,Delete
Marcos Galvao,None,Delete
Lucas Gamaza,None,Delete
Ariel Gandulla,None,Delete
Alejandro Garcia,None,Delete
Nick Garcia,None,Delete
Rulon Gardner,None,Delete
David Gardner,None,Delete
Manuel Gaxhja,None,Delete
Charlene Gellner,None,Delete
Derek Getzel,None,Delete
Nick Gibbons,None,Delete
Lee Gibson,None,Delete
Kenny Giddens,None,Delete
Kultar Gill,None,Delete
Jesse Gillespie,None,Delete
Krishaun Gilmore,None,Delete
Alex Gilpin,None,Delete
Demetrius Gioulacos,None,Delete
Billy Giovanella,None,Delete
Israel Giron,None,Delete
Brandon Girtz,None,Delete
Jason Glaza,None,Delete
Mike Glenn,None,Delete
Clint Godfrey,None,Delete
Jonny Goh,None,Delete
Sergio Gomez,None,Delete
Alan Gomez,None,Delete
David Gomez,None,Delete
Nick Gonzalez,None,Delete
Fabian Gonzalez,None,Delete
Jennifer Gonzalez,None,Delete
Kier Gooch,None,Delete
Jordan Goodwin,None,Delete
Gerard Gordeau,None,Delete
Tebaris Gordon,None,Delete
Todd Gouwenberg,None,Delete
Hugo Govea,None,Delete
Justin Governale,None,Delete
Crosley Gracie,None,Delete
Daniel Gracie,None,Delete
Ralph Gracie,None,Delete
Rickson Gracie,None,Delete
Rodrigo Gracie,None,Delete
Royler Gracie,None,Delete
Ryan Gracie,None,Delete
Ralek Gracie,None,Delete
Cesar Gracie,None,Delete
Igor Gracie,None,Delete
Neiman Gracie,None,Delete
Scott Graham,None,Delete
James Gray,None,Delete
Sam Greco,None,Delete
Chuck Grigsby,None,Delete
Rodrigo Gripp de Sousa,None,Delete
Garrett Gross,None,Delete
Fabricio Guerreiro,None,Delete
Jason Guida,None,Delete
Chris Guillen,None,Delete
Justin Guthrie,None,Delete
Steve Hadsel,None,Delete
Yazan Hajeh,None,Delete
Stoney Hale,None,Delete
Kevin Haley,None,Delete
Brandon Halsey,None,Delete
Kazuhiro Hamanaka,None,Delete
Jeremy Hamilton,None,Delete
Dean Hancock,None,Delete
Joachim Hansen,None,Delete
Janay Harding,None,Delete
Baru Harn,None,Delete
Scott Harper,None,Delete
Dhafir Harris,None,Delete
Trevor Harris,None,Delete
Luke Hartwig,None,Delete
Hidehiko Hasegawa,None,Delete
Takayo Hashi,None,Delete
Tomohiko Hashimoto,None,Delete
Justin Haskins,None,Delete
Daiki Hata,None,Delete
Justin Hawes,None,Delete
Chris Hawk,None,Delete
Del Hawkins,None,Delete
Mike Hayes,None,Delete
Ryan Hayes,None,Delete
Gerric Hayes,None,Delete
Ryan Healy,None,Delete
Spencer Hearns,None,Delete
Matt Helm,None,Delete
Elisha Helsper,None,Delete
Ron Henderson,None,Delete
Diego Henrique da Silva,None,Delete
TJ Hepburn,None,Delete
Joe Hernandez,None,Delete
Chris Herrera,None,Delete
Brandon Hester,None,Delete
Conor Heun,None,Delete
Lee Higgins,None,Delete
Alex Higley,None,Delete
Isaiah Hill,None,Delete
Tyler Hill,None,Delete
Alan Hiro,None,Delete
Yuji Hisamatsu,None,Delete
Sean Holden,None,Delete
Gabrielle Holloway,None,Delete
Jeremie Holloway,None,Delete
Ben Holscher,None,Delete
Matt Horning,None,Delete
John Hosman,None,Delete
Trey Houston,None,Delete
Jamie Houston,None,Delete
Alex Huddleston,None,Delete
Casey Huffman,None,Delete
David Hulett,None,Delete
Bryan Humes,None,Delete
Abongo Humphrey,None,Delete
Adam Hunter,None,Delete
Joe Hurley,None,Delete
Sergey Ignatov,None,Delete
Seichi Ikemoto,None,Delete
Mikhail Iloukhine,None,Delete
Yusuke Imamura,None,Delete
Masakazu Imanari,None,Delete
Chris Inman,None,Delete
Egan Inoue,None,Delete
Katsuya Inoue,None,Delete
Takeshi Inoue,None,Delete
Jorge Interiano,None,Delete
Jason Ireland,None,Delete
Eric Irvin,None,Delete
Mitsuhiro Ishida,None,Delete
Satoshi Ishii,None,Delete
Yuki Ishikawa,None,Delete
Eiji Ishikawa,None,Delete
Tokimitsu Ishizawa,None,Delete
Tomomi Iwama,None,Delete
Tatsuya Iwasaki,None,Delete
Hiroshi Izumi,None,Delete
Kenyon Jackson,None,Delete
Eric Jacob,None,Delete
Nate James,None,Delete
Josh Janousek,None,Delete
Jaime Jara,None,Delete
Gigo Jara,None,Delete
Josh Jarvis,None,Delete
Louis Jauregui,None,Delete
Bubba Jenkins,None,Delete
Adrienna Jenkins,None,Delete
Kyle Jensen,None,Delete
Gilbert Jimenez,None,Delete
Art Jimmerson,None,Delete
Devin Johnson,None,Delete
Travis Johnson,None,Delete
Ricky Johnson,None,Delete
Deshaun Johnson,None,Delete
Tony Johnson,None,Delete
Nathan Jones,None,Delete
Carlton Jones,None,Delete
Jesse Jones,None,Delete
Tito Jones,None,Delete
Roy Jones,None,Delete
Ben Jones,None,Delete
Victor Jones,None,Delete
Chris Jones,None,Delete
Roshaun Jones,None,Delete
Antonio Jones,None,Delete
Gareth Joseph,None,Delete
Dwight Joseph,None,Delete
Mike Joy,None,Delete
Tony Juarez,None,Delete
Jesse Juarez,None,Delete
Bu-Kyung Jung,None,Delete
Young Sam Jung,None,Delete
Patrick Kaase,None,Delete
Bryson Kamaka,None,Delete
Hiromitsu Kanehara,None,Delete
Ken Kaneko,None,Delete
Georgi Karakhanyan,None,Delete
Tetsuji Kato,None,Delete
Hisaki Kato,None,Delete
Yusuke Kawaguchi,None,Delete
Ryo Kawamura,None,Delete
Doug Kay,None,Delete
Ryan Keenan,None,Delete
Mayana Kellem,None,Delete
John Kelly,None,Delete
Waylon Kennell,None,Delete
Aurelijus Kerpe,None,Delete
Ron Keslar,None,Delete
Adam Khaliev,None,Delete
Sergei Kharitonov,None,Delete
Akira Kikuchi,None,Delete
Jin Oh Kim,None,Delete
Dae Won Kim,None,Delete
Jong Wang Kim,None,Delete
Jong Won Kim,None,Delete
Min Soo Kim,None,Delete
Jong Man Kim,None,Delete
Taiei Kin,None,Delete
Yurij Kiseliov,None,Delete
Satoru Kitaoka,None,Delete
Seth Kleinbeck,None,Delete
Stefan Klever,None,Delete
Michael Knaap,None,Delete
Kevin Knabjian,None,Delete
Isao Kobayashi,None,Delete
Kelly Kobold,None,Delete
Sokun Koh,None,Delete
Shingo Kohara,None,Delete
Charlie Kohler,None,Delete
Andrei Kopylov,None,Delete
Andrey Koreshkov,None,Delete
Ilya Kotau,None,Delete
Iouri Kotchkine,None,Delete
Matt Kovacs,None,Delete
Marcus Kowal,None,Delete
Steve Kozola,None,Delete
Rene Kronvold,None,Delete
Jorgen Kruth,None,Delete
Junya Kudo,None,Delete
John Kuhner,None,Delete
Maiju Kujala,None,Delete
Tsuyoshi Kurihara,None,Delete
Eldari Kurtanidze,None,Delete
Kyle Kurtz,None,Delete
Lina Kvokov,None,Delete
Kaleo Kwan,None,Delete
Jarrod Kwitty,None,Delete
Achmed Labasanov,None,Delete
Josh LaBerge,None,Delete
Jeremiah Labiano,None,Delete
Kemran Lachinov,None,Delete
Ben Lagman,None,Delete
Todd Lally,None,Delete
Sean Lally,None,Delete
Jose Landi-Jons,None,Delete
Aaron Lanfranco,None,Delete
Jeremy Lang,None,Delete
Lionel Lanham,None,Delete
Ryan Larson,None,Delete
Chatt Lavender,None,Delete
Eric Lawson,None,Delete
Jerome LeBanner,None,Delete
Stephen Ledbetter,None,Delete
Eun Soo Lee,None,Delete
Tae Hyun Lee,None,Delete
Tommy Lee,None,Delete
Matt Lee,None,Delete
Imani Lee,None,Delete
Ricky Legere Jr.,None,Delete
Sherron Leggett,None,Delete
Stefan Leko,None,Delete
Gabe Lemley,None,Delete
Jean Francois Lenogue,None,Delete
Anthony Leone,None,Delete
Chad Leonhardt,None,Delete
Michael Lerma,None,Delete
Lukasz Les,None,Delete
Kyle Levinton,None,Delete
Chi Lewis-Parry,None,Delete
Sam Liera,None,Delete
Scott Lighty,None,Delete
Donnie Liles,None,Delete
Jae Suk Lim,None,Delete
Douglas Lima,None,Delete
Mabelly Lima,None,Delete
Miguel Linares,None,Delete
Wesley Little,None,Delete
Brian Lo-A-Njoe,None,Delete
Sean Loeffler,None,Delete
Rocky Long,None,Delete
Thomas Longacre,None,Delete
Lucas Lopes,None,Delete
Ivan Lopez,None,Delete
Federico Lopez,None,Delete
Christopher Lopez,None,Delete
Rashard Lovelace,None,Delete
Jakob Lovstad,None,Delete
Brandon Lowe,None,Delete
Cleber Luciano,None,Delete
Alexandru Lungu,None,Delete
